config,query_no,query,run,status,decision,laya_ms,postgres_ms,ollama_ms,total_ms,client_ms,response
A_LAYA_ENABLED,1,Show me Sony earphones under ₹1000,1,200,product_search,1346.8,6.2,2636.7,3991.2,4001.6618999652565,Sony MDR-EX15AP Earphone ( Black ) is available for ₹829.  [[SHOPAI_PRODUCTS:sony-mdr-ex15ap-earphone-black]]
A_LAYA_ENABLED,1,Show me Sony earphones under ₹1000,2,200,product_search,1402.1,3.3,348.6,1754.4,1756.8524000234902,Sony MDR-EX15AP Earphone ( Black ) is available for ₹829.  [[SHOPAI_PRODUCTS:sony-mdr-ex15ap-earphone-black]]
A_LAYA_ENABLED,1,Show me Sony earphones under ₹1000,3,200,product_search,1314.0,2.9,371.9,1689.2,1692.4807999748737,The Sony MDR-EX15AP Earphone ( Black ) is available for ₹829.  [[SHOPAI_PRODUCTS:sony-mdr-ex15ap-earphone-black]]
A_LAYA_ENABLED,1,Show me Sony earphones under ₹1000,4,200,product_search,1362.6,2.9,351.1,1717.0,1720.3258000081405,Sony MDR-EX15AP Earphone ( Black ) is available for ₹829.  [[SHOPAI_PRODUCTS:sony-mdr-ex15ap-earphone-black]]
A_LAYA_ENABLED,1,Show me Sony earphones under ₹1000,5,200,product_search,1248.0,2.4,370.7,1621.5,1624.7835999820381,The Sony MDR-EX15AP Earphone ( Black ) is available for ₹829.  [[SHOPAI_PRODUCTS:sony-mdr-ex15ap-earphone-black]]
A_LAYA_ENABLED,2,Tell me about Sony MDR-EX15AP Earphone,1,200,add_to_cart,1281.4,0,0.0,1281.5,1283.8243999285623,"Tell me which product to add, or find it first in the catalog. I need a selected product before changing your cart."
A_LAYA_ENABLED,2,Tell me about Sony MDR-EX15AP Earphone,2,200,add_to_cart,1317.6,0,0.0,1317.7,1319.5673000300303,"Tell me which product to add, or find it first in the catalog. I need a selected product before changing your cart."
A_LAYA_ENABLED,2,Tell me about Sony MDR-EX15AP Earphone,3,200,add_to_cart,1347.9,0,0.0,1348.0,1350.2002999885008,"Tell me which product to add, or find it first in the catalog. I need a selected product before changing your cart."
A_LAYA_ENABLED,2,Tell me about Sony MDR-EX15AP Earphone,4,200,add_to_cart,1335.2,0,0.0,1335.2,1336.8782999459654,"Tell me which product to add, or find it first in the catalog. I need a selected product before changing your cart."
A_LAYA_ENABLED,2,Tell me about Sony MDR-EX15AP Earphone,5,200,add_to_cart,1247.9,0,0.0,1247.9,1249.6925999876112,"Tell me which product to add, or find it first in the catalog. I need a selected product before changing your cart."
A_LAYA_ENABLED,3,Recommend a good pair of earphones,1,200,recommendation,1219.7,8.4,808.4,2036.9,2038.7931999284774,"The Sony MDR-EX15AP Earphone ( Black ) is available for ₹829.0 and is in stock.  [[SHOPAI_PRODUCTS:sony-mdr-ex15ap-earphone-black,skullcandy-jib-mic-earphone-black,samsung-earphone-ehs64avfbecinu-black,samsung-eo-ic050-t"
A_LAYA_ENABLED,3,Recommend a good pair of earphones,2,200,recommendation,1307.6,5.0,499.5,1812.5,1814.486199989915,"I recommend the Sony MDR-EX15AP Earphone ( Black ) for ₹829.0, which is in stock.  [[SHOPAI_PRODUCTS:sony-mdr-ex15ap-earphone-black,skullcandy-jib-mic-earphone-black,samsung-earphone-ehs64avfbecinu-black,samsung-eo-ic050"
A_LAYA_ENABLED,3,Recommend a good pair of earphones,3,200,recommendation,1309.6,7.0,520.7,1837.8,1839.5967000396922,"I recommend the Sony MDR-EX15AP Earphone ( Black ) for ₹829.0, which is currently in stock.  [[SHOPAI_PRODUCTS:sony-mdr-ex15ap-earphone-black,skullcandy-jib-mic-earphone-black,samsung-earphone-ehs64avfbecinu-black,samsun"
A_LAYA_ENABLED,3,Recommend a good pair of earphones,4,200,recommendation,1362.9,5.0,484.0,1852.3,1854.116299888119,"The Sony MDR-EX15AP Earphone ( Black ) is available for ₹829.0 and is in stock.  [[SHOPAI_PRODUCTS:sony-mdr-ex15ap-earphone-black,skullcandy-jib-mic-earphone-black,samsung-earphone-ehs64avfbecinu-black,samsung-eo-ic050-t"
A_LAYA_ENABLED,3,Recommend a good pair of earphones,5,200,recommendation,1290.0,5.4,484.4,1780.2,1782.1949999779463,"The Sony MDR-EX15AP Earphone ( Black ) is available for ₹829.0 and is in stock.  [[SHOPAI_PRODUCTS:sony-mdr-ex15ap-earphone-black,skullcandy-jib-mic-earphone-black,samsung-earphone-ehs64avfbecinu-black,samsung-eo-ic050-t"
A_LAYA_ENABLED,4,Show me products under ₹1000,1,200,product_search,1371.9,5.1,0.0,1377.3,1379.0805999888107,"I couldn't find products matching that request in the current catalog. Try a different brand, product type, or budget."
A_LAYA_ENABLED,4,Show me products under ₹1000,2,200,product_search,1354.6,3.6,0.0,1358.4,1360.6278999941424,"I couldn't find products matching that request in the current catalog. Try a different brand, product type, or budget."
A_LAYA_ENABLED,4,Show me products under ₹1000,3,200,product_search,1304.7,4.6,0.0,1309.6,1311.7174999788404,"I couldn't find products matching that request in the current catalog. Try a different brand, product type, or budget."
A_LAYA_ENABLED,4,Show me products under ₹1000,4,200,product_search,1350.0,3.4,0.0,1353.7,1356.646899948828,"I couldn't find products matching that request in the current catalog. Try a different brand, product type, or budget."
A_LAYA_ENABLED,4,Show me products under ₹1000,5,200,product_search,1429.3,4.7,0.0,1434.2,1436.3386000040919,"I couldn't find products matching that request in the current catalog. Try a different brand, product type, or budget."
B_LAYA_DISABLED,1,Show me Sony earphones under ₹1000,1,200,product_search,0.0,2.3,621.5,624.2,626.6862000338733,The Sony MDR-EX15AP Earphone ( Black ) is available for ₹829.  [[SHOPAI_PRODUCTS:sony-mdr-ex15ap-earphone-black]]
B_LAYA_DISABLED,1,Show me Sony earphones under ₹1000,2,200,product_search,0.0,2.3,355.9,358.6,360.75280001387,Sony MDR-EX15AP Earphone ( Black ) is available for ₹829.  [[SHOPAI_PRODUCTS:sony-mdr-ex15ap-earphone-black]]
B_LAYA_DISABLED,1,Show me Sony earphones under ₹1000,3,200,product_search,0.0,2.2,359.8,362.3,364.2320999642834,Sony MDR-EX15AP Earphone ( Black ) is available for ₹829.  [[SHOPAI_PRODUCTS:sony-mdr-ex15ap-earphone-black]]
B_LAYA_DISABLED,1,Show me Sony earphones under ₹1000,4,200,product_search,0.0,2.7,504.4,507.5,509.85310005489737,The Sony MDR-EX15AP Earphone ( Black ) is priced at ₹829.0 and is available in stock.  [[SHOPAI_PRODUCTS:sony-mdr-ex15ap-earphone-black]]
B_LAYA_DISABLED,1,Show me Sony earphones under ₹1000,5,200,product_search,0.0,2.2,358.3,360.9,363.12029999680817,Sony MDR-EX15AP Earphone ( Black ) is available for ₹829.  [[SHOPAI_PRODUCTS:sony-mdr-ex15ap-earphone-black]]
B_LAYA_DISABLED,2,Tell me about Sony MDR-EX15AP Earphone,1,200,product_details,0.0,2.1468999329954386,753.8,759.0,761.0861000139266,The Sony MDR-EX15AP Earphone is priced at ₹829.0 and is currently in stock.
B_LAYA_DISABLED,2,Tell me about Sony MDR-EX15AP Earphone,2,200,product_details,0.0,1.8086000345647335,433.1,437.1,439.68569999560714,The Sony MDR-EX15AP Earphone is available for ₹829.0 and is in stock.
B_LAYA_DISABLED,2,Tell me about Sony MDR-EX15AP Earphone,3,200,product_details,0.0,1.904199947603047,449.4,453.4,455.3137000184506,The Sony MDR-EX15AP Earphone is priced at ₹829.0 and is currently in stock.
B_LAYA_DISABLED,2,Tell me about Sony MDR-EX15AP Earphone,4,200,product_details,0.0,1.7940000398084521,453.1,456.8,459.8245999077335,The Sony MDR-EX15AP Earphone is priced at ₹829.0 and is currently in stock.
B_LAYA_DISABLED,2,Tell me about Sony MDR-EX15AP Earphone,5,200,product_details,0.0,1.7998999683186412,451.8,455.5,457.83279999159276,The Sony MDR-EX15AP Earphone is priced at ₹829.0 and is available in stock.
B_LAYA_DISABLED,3,Recommend a good pair of earphones,1,200,recommendation,0.0,4.5,551.1,556.0,558.2151000853628,"I recommend the Sony MDR-EX15AP Earphone ( Black ) for ₹829.0, which is currently in stock.  [[SHOPAI_PRODUCTS:sony-mdr-ex15ap-earphone-black,skullcandy-jib-mic-earphone-black,samsung-earphone-ehs64avfbecinu-black,samsun"
B_LAYA_DISABLED,3,Recommend a good pair of earphones,2,200,recommendation,0.0,4.9,525.8,531.2,533.2499999785796,"I recommend the Sony MDR-EX15AP Earphone ( Black ) for ₹829.0, which is currently in stock.  [[SHOPAI_PRODUCTS:sony-mdr-ex15ap-earphone-black,skullcandy-jib-mic-earphone-black,samsung-earphone-ehs64avfbecinu-black,samsun"
B_LAYA_DISABLED,3,Recommend a good pair of earphones,3,200,recommendation,0.0,4.6,526.1,531.2,533.4156000753865,"I recommend the Sony MDR-EX15AP Earphone ( Black ) for ₹829.0, which is currently in stock.  [[SHOPAI_PRODUCTS:sony-mdr-ex15ap-earphone-black,skullcandy-jib-mic-earphone-black,samsung-earphone-ehs64avfbecinu-black,samsun"
B_LAYA_DISABLED,3,Recommend a good pair of earphones,4,200,recommendation,0.0,4.5,526.7,531.7,533.8850000407547,"I recommend the Sony MDR-EX15AP Earphone ( Black ) for ₹829.0, which is currently in stock.  [[SHOPAI_PRODUCTS:sony-mdr-ex15ap-earphone-black,skullcandy-jib-mic-earphone-black,samsung-earphone-ehs64avfbecinu-black,samsun"
B_LAYA_DISABLED,3,Recommend a good pair of earphones,5,200,recommendation,0.0,4.5,525.7,530.6,532.8586000250652,"I recommend the Sony MDR-EX15AP Earphone ( Black ) for ₹829.0, which is currently in stock.  [[SHOPAI_PRODUCTS:sony-mdr-ex15ap-earphone-black,skullcandy-jib-mic-earphone-black,samsung-earphone-ehs64avfbecinu-black,samsun"
B_LAYA_DISABLED,4,Show me products under ₹1000,1,200,product_search,0.0,3.8,0.0,4.1,5.9584000846371055,"I couldn't find products matching that request in the current catalog. Try a different brand, product type, or budget."
B_LAYA_DISABLED,4,Show me products under ₹1000,2,200,product_search,0.0,3.7,0.0,4.0,5.794700002297759,"I couldn't find products matching that request in the current catalog. Try a different brand, product type, or budget."
B_LAYA_DISABLED,4,Show me products under ₹1000,3,200,product_search,0.0,4.1,0.0,4.3,6.182600045576692,"I couldn't find products matching that request in the current catalog. Try a different brand, product type, or budget."
B_LAYA_DISABLED,4,Show me products under ₹1000,4,200,product_search,0.0,3.7,0.0,4.0,6.14720000885427,"I couldn't find products matching that request in the current catalog. Try a different brand, product type, or budget."
B_LAYA_DISABLED,4,Show me products under ₹1000,5,200,product_search,0.0,3.5,0.0,3.8,5.928399972617626,"I couldn't find products matching that request in the current catalog. Try a different brand, product type, or budget."
